success,flight_number,auto_update,upcoming,rocket_name,rocket_height,rocket_diameter,rocket_mass,rocket_boosters,rocket_cost_per_launch,rocket_active,rocket_reusable,rocket_engines,rocket_thrust_sea_level,rocket_thrust_vacuum,launchpad_name,launchpad_region,launchpad_latitude,launchpad_longitude,launch_attempts,launchpad_status,payload_count,total_payload_mass,primary_payload_mass,payload_orbit,payload_customer_type,payload_nationality,payload_manufacturer,payload_type,launch_year,launch_month,launch_day_of_year,launch_hour,launch_day_of_week,launch_quarter,is_weekend,is_night_launch,temperature,humidity,wind_speed,precipitation,cloud_cover,pressure,year,month,day
0,1,1,0,Falcon 1,22.25,1.68,30146,0,6700000,0,0,1,420,480,Kwajalein Atoll,Marshall Islands,9.0477206,167.7431292,5,retired,1,20.0,20.0,LEO,Commercial_Other,United States,SSTL,Satellite,2006,3,83,22,4,1,0,1,27.1,78.79,25.9,0.0,100.0,1009.5,2006,3,24
0,2,1,0,Falcon 1,22.25,1.68,30146,0,6700000,0,0,1,420,480,Kwajalein Atoll,Marshall Islands,9.0477206,167.7431292,5,retired,1,0.0,0.0,LEO,Commercial_Other,United States,SpaceX,Satellite,2007,3,80,1,2,1,0,1,26.3,87.73,16.6,1.0,90.0,1011.5,2007,3,21
0,3,1,0,Falcon 1,22.25,1.68,30146,0,6700000,0,0,1,420,480,Kwajalein Atoll,Marshall Islands,9.0477206,167.7431292,5,retired,2,0.0,0.0,LEO,Government,United States,Space Dev,Satellite,2008,8,216,3,6,3,1,1,27.7,87.32,13.0,0.0,90.0,1010.6,2008,8,3
1,4,1,0,Falcon 1,22.25,1.68,30146,0,6700000,0,0,1,420,480,Kwajalein Atoll,Marshall Islands,9.0477206,167.7431292,5,retired,1,165.0,165.0,LEO,SpaceX,United States,SpaceX,Satellite,2008,9,272,23,6,3,1,1,27.6,86.79,14.8,0.0,100.0,1011.9,2008,9,28
1,5,1,0,Falcon 1,22.25,1.68,30146,0,6700000,0,0,1,420,480,Kwajalein Atoll,Marshall Islands,9.0477206,167.7431292,5,retired,1,200.0,200.0,LEO,Commercial_Other,Malaysia,Satrec,Satellite,2009,7,194,3,0,3,0,1,21.5,86.655,16.6,0.0,18.8,1009.9,2009,7,13
1,6,1,0,Falcon 9,70.0,3.7,549054,0,50000000,1,1,9,7607,8227,CCSFS SLC 40,Florida,28.5618571,-80.577366,99,active,1,0.0,0.0,LEO,SpaceX,United States,SpaceX,Dragon Boilerplate,2010,6,155,18,4,2,0,0,23.7,91.86,10.0,0.0,10.2,1014.3,2010,6,4
1,7,1,0,Falcon 9,70.0,3.7,549054,0,50000000,1,1,9,7607,8227,CCSFS SLC 40,Florida,28.5618571,-80.577366,99,active,2,0.0,0.0,LEO,Government,United States,SpaceX,Dragon 1.0,2010,12,342,15,2,4,0,0,4.4,69.54,11.1,0.0,0.0,1020.3,2010,12,8
1,8,1,0,Falcon 9,70.0,3.7,549054,0,50000000,1,1,9,7607,8227,CCSFS SLC 40,Florida,28.5618571,-80.577366,99,active,1,525.0,525.0,LEO,Government,United States,SpaceX,Dragon 1.0,2012,5,143,7,1,2,0,0,19.3,98.54,0.3,0.0,0.0,1015.1,2012,5,22
1,9,1,0,Falcon 9,70.0,3.7,549054,0,50000000,1,1,9,7607,8227,CCSFS SLC 40,Florida,28.5618571,-80.577366,99,active,2,800.0,400.0,ISS,Government,United States,SpaceX,Dragon 1.0,2012,10,282,0,0,4,0,1,23.9,92.9,5.0,0.0,1.2,1015.8,2012,10,8
1,10,1,0,Falcon 9,70.0,3.7,549054,0,50000000,1,1,9,7607,8227,CCSFS SLC 40,Florida,28.5618571,-80.577366,99,active,1,677.0,677.0,ISS,Government,United States,SpaceX,Dragon 1.0,2013,3,60,19,4,1,0,0,14.7,64.6,19.7,0.0,0.0,1014.1,2013,3,1
1,11,1,0,Falcon 9,70.0,3.7,549054,0,50000000,1,1,9,7607,8227,VAFB SLC 4E,California,34.632093,-120.610829,28,active,1,500.0,500.0,PO,Commercial_Other,Canada,MDA,Satellite,2013,9,272,16,6,3,1,0,10.9,63.46,2.2,0.0,0.0,1017.2,2013,9,29
1,12,1,0,Falcon 9,70.0,3.7,549054,0,50000000,1,1,9,7607,8227,CCSFS SLC 40,Florida,28.5618571,-80.577366,99,active,1,3170.0,3170.0,GTO,Commercial_Other,Luxembourg,Orbital ATK,Satellite,2013,12,337,22,1,4,0,1,12.5,98.77,0.8,0.0,47.9,1013.2,2013,12,3
1,13,1,0,Falcon 9,70.0,3.7,549054,0,50000000,1,1,9,7607,8227,CCSFS SLC 40,Florida,28.5618571,-80.577366,99,active,1,3325.0,3325.0,GTO,Commercial_Other,Thailand,Orbital ATK,Satellite,2014,1,6,18,0,1,0,0,19.7,95.35,13.0,0.096,0.0,1014.8,2014,1,6
1,14,1,0,Falcon 9,70.0,3.7,549054,0,50000000,1,1,9,7607,8227,CCSFS SLC 40,Florida,28.5618571,-80.577366,99,active,1,2296.0,2296.0,ISS,Government,United States,SpaceX,Dragon 1.1,2014,4,108,19,4,2,0,0,21.9,83.49,17.0,0.0,28.6,1021.4,2014,4,18
1,15,1,0,Falcon 9,70.0,3.7,549054,0,50000000,1,1,9,7607,8227,CCSFS SLC 40,Florida,28.5618571,-80.577366,99,active,1,1316.0,1316.0,LEO,Commercial_Other,United States,Boeing,Satellite,2014,7,195,15,0,3,0,0,27.3,79.57,11.7,0.0,2.1,1019.2,2014,7,14
1,16,1,0,Falcon 9,70.0,3.7,549054,0,50000000,1,1,9,7607,8227,CCSFS SLC 40,Florida,28.5618571,-80.577366,99,active,1,4535.0,4535.0,GTO,Commercial_Other,Hong Kong,SSL,Satellite,2014,8,217,8,1,3,0,0,25.2,91.61,13.2,0.0,18.6,1015.2,2014,8,5
1,17,1,0,Falcon 9,70.0,3.7,549054,0,50000000,1,1,9,7607,8227,CCSFS SLC 40,Florida,28.5618571,-80.577366,99,active,1,4428.0,4428.0,GTO,Commercial_Other,Hong Kong,SSL,Satellite,2014,9,250,5,6,3,1,1,23.1,95.58,3.7,0.0,0.0,1017.3,2014,9,7
1,18,1,0,Falcon 9,70.0,3.7,549054,0,50000000,1,1,9,7607,8227,CCSFS SLC 40,Florida,28.5618571,-80.577366,99,active,1,2216.0,2216.0,ISS,Government,United States,SpaceX,Dragon 1.1,2014,9,264,5,6,3,1,1,23.1,91.19,13.7,0.0,0.0,1013.5,2014,9,21
1,19,1,0,Falcon 9,70.0,3.7,549054,0,50000000,1,1,9,7607,8227,CCSFS SLC 40,Florida,28.5618571,-80.577366,99,active,1,2395.0,2395.0,ISS,Government,United States,SpaceX,Dragon 1.1,2015,1,10,9,5,1,1,0,12.6,77.78,18.7,0.0,100.0,1026.2,2015,1,10
1,20,1,0,Falcon 9,70.0,3.7,549054,0,50000000,1,1,9,7607,8227,CCSFS SLC 40,Florida,28.5618571,-80.577366,99,active,1,570.0,570.0,ES-L1,Government,United States,Sierra Nevada,Satellite,2015,2,42,23,2,1,0,1,13.2,74.87,23.0,0.0,93.1,1012.2,2015,2,11
1,21,1,0,Falcon 9,70.0,3.7,549054,0,50000000,1,1,9,7607,8227,CCSFS SLC 40,Florida,28.5618571,-80.577366,99,active,2,4159.0,2205.0,GTO,Commercial_Other,Hong Kong,Boeing,Satellite,2015,3,61,3,0,1,0,1,17.5,96.15,7.4,0.0,15.2,1026.8,2015,3,2
1,22,1,0,Falcon 9,70.0,3.7,549054,0,50000000,1,1,9,7607,8227,CCSFS SLC 40,Florida,28.5618571,-80.577366,99,active,1,1898.0,1898.0,ISS,Government,United States,SpaceX,Dragon 1.1,2015,4,104,20,1,2,0,0,22.3,91.21,4.9,0.165,13.3,1022.0,2015,4,14
1,23,1,0,Falcon 9,70.0,3.7,549054,0,50000000,1,1,9,7607,8227,CCSFS SLC 40,Florida,28.5618571,-80.577366,99,active,1,4707.0,4707.0,GTO,Commercial_Other,Turkmenistan,Thales Alenia Space,Satellite,2015,4,117,23,0,2,0,1,26.8,78.9,18.3,0.0,28.6,1007.5,2015,4,27
0,24,1,0,Falcon 9,70.0,3.7,549054,0,50000000,1,1,9,7607,8227,CCSFS SLC 40,Florida,28.5618571,-80.577366,99,active,1,2477.0,2477.0,ISS,Government,United States,SpaceX,Dragon 1.1,2015,6,179,14,6,2,1,0,27.6,77.48,11.5,0.0,17.2,1016.6,2015,6,28
1,25,1,0,Falcon 9,70.0,3.7,549054,0,50000000,1,1,9,7607,8227,CCSFS SLC 40,Florida,28.5618571,-80.577366,99,active,1,2034.0,2034.0,LEO,Commercial_Other,United States,Boeing,Satellite,2015,12,356,1,1,4,0,1,23.4,87.34,19.5,0.161,29.7,1021.0,2015,12,22
1,26,1,0,Falcon 9,70.0,3.7,549054,0,50000000,1,1,9,7607,8227,VAFB SLC 4E,California,34.632093,-120.610829,28,active,1,553.0,553.0,PO,Government,United States,Thales Alenia Space,Satellite,2016,1,17,15,6,1,1,0,10.9,97.3,0.0,0.218,100.0,1021.6,2016,1,17
1,27,1,0,Falcon 9,70.0,3.7,549054,0,50000000,1,1,9,7607,8227,CCSFS SLC 40,Florida,28.5618571,-80.577366,99,active,1,5271.0,5271.0,GTO,Commercial_Other,Luxembourg,Boeing,Satellite,2016,3,64,23,4,1,0,1,18.6,68.81,11.3,0.0,0.0,1014.9,2016,3,4
1,28,1,0,Falcon 9,70.0,3.7,549054,0,50000000,1,1,9,7607,8227,CCSFS SLC 40,Florida,28.5618571,-80.577366,99,active,1,3136.0,3136.0,ISS,Government,United States,SpaceX,Dragon 1.1,2016,4,99,20,4,2,0,0,20.0,65.99,11.5,0.0,0.0,1014.2,2016,4,8
1,29,1,0,Falcon 9,70.0,3.7,549054,0,50000000,1,1,9,7607,8227,CCSFS SLC 40,Florida,28.5618571,-80.577366,99,active,1,4696.0,4696.0,GTO,Commercial_Other,Japan,SSL,Satellite,2016,5,127,5,4,2,0,1,19.7,58.81,20.2,0.0,0.0,1009.1,2016,5,6
1,30,1,0,Falcon 9,70.0,3.7,549054,0,50000000,1,1,9,7607,8227,CCSFS SLC 40,Florida,28.5618571,-80.577366,99,active,1,3100.0,3100.0,GTO,Commercial_Other,Thailand,Orbital ATK,Satellite,2016,5,148,21,4,2,0,1,23.9,72.81,12.7,0.0,30.6,1018.4,2016,5,27
1,31,1,0,Falcon 9,70.0,3.7,549054,0,50000000,1,1,9,7607,8227,CCSFS SLC 40,Florida,28.5618571,-80.577366,99,active,2,3600.0,1800.0,GTO,Commercial_Other,Hong Kong,Boeing,Satellite,2016,6,167,14,2,2,0,0,26.3,82.97,10.0,0.0,0.0,1017.0,2016,6,15
1,32,1,0,Falcon 9,70.0,3.7,549054,0,50000000,1,1,9,7607,8227,CCSFS SLC 40,Florida,28.5618571,-80.577366,99,active,1,2257.0,2257.0,ISS,Government,United States,SpaceX,Dragon 1.1,2016,7,200,4,0,3,0,1,28.2,79.61,10.8,0.0,0.0,1023.0,2016,7,18
1,33,1,0,Falcon 9,70.0,3.7,549054,0,50000000,1,1,9,7607,8227,CCSFS SLC 40,Florida,28.5618571,-80.577366,99,active,1,4600.0,4600.0,GTO,Commercial_Other,Japan,SSL,Satellite,2016,8,227,5,6,3,1,1,27.0,87.34,11.5,0.0,0.0,1018.9,2016,8,14
0,34,1,0,Falcon 9,70.0,3.7,549054,0,50000000,1,1,9,7607,8227,CCSFS SLC 40,Florida,28.5618571,-80.577366,99,active,1,5500.0,5500.0,GTO,Commercial_Other,Israel,Israel Aerospace Industries,Satellite,2016,9,245,13,3,3,0,0,24.0,93.63,18.0,11.5,99.4,1015.8,2016,9,1
1,35,1,0,Falcon 9,70.0,3.7,549054,0,50000000,1,1,9,7607,8227,VAFB SLC 4E,California,34.632093,-120.610829,28,active,1,9600.0,9600.0,PO,Commercial_Satellite,United States,Thales Alenia Space,Satellite,2017,1,14,17,5,1,1,0,8.3,65.47,23.3,0.0,0.0,1021.1,2017,1,14
1,36,1,0,Falcon 9,70.0,3.7,549054,0,50000000,1,1,9,7607,8227,KSC LC 39A,Florida,28.6080585,-80.6039558,55,active,1,2490.0,2490.0,ISS,Government,United States,SpaceX,Dragon 1.1,2017,2,50,14,6,1,1,0,20.0,86.92,6.0,0.0,70.4,1016.0,2017,2,19
1,37,1,0,Falcon 9,70.0,3.7,549054,0,50000000,1,1,9,7607,8227,KSC LC 39A,Florida,28.6080585,-80.6039558,55,active,1,5600.0,5600.0,GTO,Commercial_Other,United States,Airbus Defence and Space,Satellite,2017,3,75,6,3,1,0,0,6.1,77.01,7.4,0.0,0.0,1025.8,2017,3,16
1,38,1,0,Falcon 9,70.0,3.7,549054,0,50000000,1,1,9,7607,8227,KSC LC 39A,Florida,28.6080585,-80.6039558,55,active,1,5300.0,5300.0,GTO,Commercial_Other,Luxembourg,Airbus Defence and Space,Satellite,2017,3,89,22,3,1,0,1,21.4,83.98,8.7,0.0,0.0,1017.0,2017,3,30
1,39,1,0,Falcon 9,70.0,3.7,549054,0,50000000,1,1,9,7607,8227,KSC LC 39A,Florida,28.6080585,-80.6039558,55,active,1,0.0,0.0,LEO,Commercial_Other,United States,Boeing,Satellite,2017,5,121,11,0,2,0,0,24.5,84.48,26.4,0.0,20.1,1019.7,2017,5,1
1,40,1,0,Falcon 9,70.0,3.7,549054,0,50000000,1,1,9,7607,8227,KSC LC 39A,Florida,28.6080585,-80.6039558,55,active,1,6070.0,6070.0,GTO,Commercial_Other,United Kingdom,Boeing,Satellite,2017,5,135,23,0,2,0,1,21.9,94.41,4.1,0.0,20.1,1013.6,2017,5,15
1,41,1,0,Falcon 9,70.0,3.7,549054,0,50000000,1,1,9,7607,8227,KSC LC 39A,Florida,28.6080585,-80.6039558,55,active,1,2708.0,2708.0,ISS,Government,United States,SpaceX,Dragon 1.1,2017,6,154,21,5,2,1,1,22.9,94.89,3.0,0.0,93.8,1017.6,2017,6,3
1,42,1,0,Falcon 9,70.0,3.7,549054,0,50000000,1,1,9,7607,8227,KSC LC 39A,Florida,28.6080585,-80.6039558,55,active,1,3669.0,3669.0,GTO,Commercial_Other,Bulgaria,SSL,Satellite,2017,6,174,19,4,2,0,0,25.8,90.88,10.3,0.0,0.0,1019.3,2017,6,23
1,43,1,0,Falcon 9,70.0,3.7,549054,0,50000000,1,1,9,7607,8227,VAFB SLC 4E,California,34.632093,-120.610829,28,active,1,9600.0,9600.0,PO,Commercial_Satellite,United States,Thales Alenia Space,Satellite,2017,6,176,20,6,2,1,0,13.7,97.76,15.1,0.0,100.0,1014.1,2017,6,25
1,44,1,0,Falcon 9,70.0,3.7,549054,0,50000000,1,1,9,7607,8227,KSC LC 39A,Florida,28.6080585,-80.6039558,55,active,1,6761.0,6761.0,GTO,Commercial_Other,United States,Boeing,Satellite,2017,7,186,23,2,3,0,1,26.7,86.52,6.1,0.0,0.0,1020.6,2017,7,5
1,45,1,0,Falcon 9,70.0,3.7,549054,0,50000000,1,1,9,7607,8227,KSC LC 39A,Florida,28.6080585,-80.6039558,55,active,1,2910.0,2910.0,ISS,Government,United States,SpaceX,Dragon 1.1,2017,8,226,16,0,3,0,0,25.5,96.8,8.1,0.0,0.0,1016.3,2017,8,14
1,46,1,0,Falcon 9,70.0,3.7,549054,0,50000000,1,1,9,7607,8227,VAFB SLC 4E,California,34.632093,-120.610829,28,active,1,475.0,475.0,SSO,Commercial_Other,Taiwan,NSPO,Satellite,2017,8,236,18,3,3,0,0,15.9,91.58,12.2,0.0,100.0,1014.0,2017,8,24
1,47,1,0,Falcon 9,70.0,3.7,549054,0,50000000,1,1,9,7607,8227,KSC LC 39A,Florida,28.6080585,-80.6039558,55,active,1,4990.0,4990.0,LEO,Government,United States,Boeing Defense,Satellite,2017,9,250,13,3,3,0,0,25.9,92.1,6.2,0.0,0.0,1014.9,2017,9,7
1,48,1,0,Falcon 9,70.0,3.7,549054,0,50000000,1,1,9,7607,8227,VAFB SLC 4E,California,34.632093,-120.610829,28,active,1,9600.0,9600.0,PO,Commercial_Satellite,United States,Thales Alenia Space,Satellite,2017,10,282,12,0,4,0,0,9.1,94.49,4.5,0.0,2.2,1008.5,2017,10,9
1,49,1,0,Falcon 9,70.0,3.7,549054,0,50000000,1,1,9,7607,8227,KSC LC 39A,Florida,28.6080585,-80.6039558,55,active,1,5200.0,5200.0,GTO,Commercial_Other,United States,Airbus Defence and Space,Satellite,2017,10,284,22,2,4,0,1,25.5,93.44,7.7,2.124,0.0,1018.0,2017,10,11
1,50,1,0,Falcon 9,70.0,3.7,549054,0,50000000,1,1,9,7607,8227,KSC LC 39A,Florida,28.6080585,-80.6039558,55,active,1,3700.0,3700.0,GTO,Commercial_Other,South Korea,Thales Alenia Space,Satellite,2017,10,303,19,0,4,0,0,13.0,56.03,13.5,0.0,0.0,1013.3,2017,10,30
1,51,1,0,Falcon 9,70.0,3.7,549054,0,50000000,1,1,9,7607,8227,CCSFS SLC 40,Florida,28.5618571,-80.577366,99,active,1,2205.0,2205.0,ISS,Government,United States,SpaceX,Dragon 1.1,2017,12,349,15,4,4,0,0,15.7,76.65,12.0,0.0,97.9,1018.3,2017,12,15
1,52,1,0,Falcon 9,70.0,3.7,549054,0,50000000,1,1,9,7607,8227,VAFB SLC 4E,California,34.632093,-120.610829,28,active,1,9600.0,9600.0,PO,Commercial_Satellite,United States,Thales Alenia Space,Satellite,2017,12,357,1,5,4,1,1,2.8,82.77,9.7,0.0,0.0,1025.7,2017,12,23
1,53,1,0,Falcon 9,70.0,3.7,549054,0,50000000,1,1,9,7607,8227,CCSFS SLC 40,Florida,28.5618571,-80.577366,99,active,1,0.0,0.0,LEO,Commercial_Other,United States,Northrop Grumman,Satellite,2018,1,8,1,0,1,0,1,10.7,96.61,6.4,0.0,50.0,1026.4,2018,1,8
1,54,1,0,Falcon 9,70.0,3.7,549054,0,50000000,1,1,9,7607,8227,CCSFS SLC 40,Florida,28.5618571,-80.577366,99,active,1,4230.0,4230.0,GTO,Commercial_Other,Luxembourg,Orbital ATK,Satellite,2018,1,31,21,2,1,0,1,9.4,78.55,18.8,0.0,89.2,1025.9,2018,1,31
1,55,1,0,Falcon Heavy,70.0,12.2,1420788,2,90000000,1,1,27,22819,24681,KSC LC 39A,Florida,28.6080585,-80.6039558,55,active,1,1350.0,1350.0,HCO,SpaceX,United States,Tesla,Satellite,2018,2,37,20,1,1,0,0,10.9,98.0,0.3,0.0,0.0,1024.0,2018,2,6
1,56,1,0,Falcon 9,70.0,3.7,549054,0,50000000,1,1,9,7607,8227,VAFB SLC 4E,California,34.632093,-120.610829,28,active,2,2150.0,1350.0,SSO,SpaceX,Spain,Airbus Defence and Space,Satellite,2018,2,53,14,3,1,0,0,2.7,90.81,16.6,0.0,0.0,1023.2,2018,2,22
1,57,1,0,Falcon 9,70.0,3.7,549054,0,50000000,1,1,9,7607,8227,CCSFS SLC 40,Florida,28.5618571,-80.577366,99,active,1,6092.0,6092.0,GTO,Commercial_Other,Spain,SSL,Satellite,2018,3,65,5,1,1,0,1,11.9,82.53,5.2,0.0,0.0,1017.4,2018,3,6
1,58,1,0,Falcon 9,70.0,3.7,549054,0,50000000,1,1,9,7607,8227,VAFB SLC 4E,California,34.632093,-120.610829,28,active,1,9600.0,9600.0,PO,Commercial_Satellite,United States,Thales Alenia Space,Satellite,2018,3,89,14,4,1,0,0,8.9,91.18,0.0,0.0,21.7,1017.6,2018,3,30
1,59,1,0,Falcon 9,70.0,3.7,549054,0,50000000,1,1,9,7607,8227,CCSFS SLC 40,Florida,28.5618571,-80.577366,99,active,1,2760.0,2760.0,ISS,Government,United States,SpaceX,Dragon 1.1,2018,4,92,20,0,2,0,0,18.3,100.0,0.6,0.0,0.0,1019.0,2018,4,2
1,60,1,0,Falcon 9,70.0,3.7,549054,0,50000000,1,1,9,7607,8227,CCSFS SLC 40,Florida,28.5618571,-80.577366,99,active,1,350.0,350.0,HEO,Government,United States,Orbital ATK,Satellite,2018,4,108,22,2,2,0,1,14.2,84.46,6.4,0.0,0.0,1019.0,2018,4,18
1,61,1,0,Falcon 9,70.0,3.7,549054,0,50000000,1,1,9,7607,8227,KSC LC 39A,Florida,28.6080585,-80.6039558,55,active,1,3750.0,3750.0,GTO,Commercial_Other,Bangladesh,Thales Alenia Space,Satellite,2018,5,131,20,4,2,0,0,19.3,95.08,0.2,0.0,0.0,1019.9,2018,5,11
1,62,1,0,Falcon 9,70.0,3.7,549054,0,50000000,1,1,9,7607,8227,VAFB SLC 4E,California,34.632093,-120.610829,28,active,2,5460.0,4300.0,PO,Government,United States,Thales Alenia Space,Satellite,2018,5,142,19,1,2,0,0,11.5,90.11,10.0,0.0,100.0,1013.8,2018,5,22
1,63,1,0,Falcon 9,70.0,3.7,549054,0,50000000,1,1,9,7607,8227,CCSFS SLC 40,Florida,28.5618571,-80.577366,99,active,1,5383.85,5383.85,GTO,Commercial_Other,Luxembourg,Airbus Defence and Space,Satellite,2018,6,155,4,0,2,0,1,26.3,82.93,17.5,0.0,47.5,1015.0,2018,6,4
1,64,1,0,Falcon 9,70.0,3.7,549054,0,50000000,1,1,9,7607,8227,CCSFS SLC 40,Florida,28.5618571,-80.577366,99,active,1,2410.0,2410.0,ISS,Government,United States,SpaceX,Dragon 1.1,2018,6,180,9,4,2,0,0,24.7,93.79,8.9,2.467,42.0,1017.3,2018,6,29
1,65,1,0,Falcon 9,70.0,3.7,549054,0,50000000,1,1,9,7607,8227,CCSFS SLC 40,Florida,28.5618571,-80.577366,99,active,1,7076.0,7076.0,GTO,Commercial_Satellite,Canada,SSL,Satellite,2018,7,203,5,6,3,1,1,26.2,90.21,9.8,0.0,31.7,1013.5,2018,7,22
1,66,1,0,Falcon 9,70.0,3.7,549054,0,50000000,1,1,9,7607,8227,VAFB SLC 4E,California,34.632093,-120.610829,28,active,1,9600.0,9600.0,PO,Commercial_Satellite,United States,Thales Alenia Space,Satellite,2018,7,206,11,2,3,0,0,13.0,94.48,3.2,0.0,45.9,1016.1,2018,7,25
1,67,1,0,Falcon 9,70.0,3.7,549054,0,50000000,1,1,9,7607,8227,CCSFS SLC 40,Florida,28.5618571,-80.577366,99,active,1,5800.0,5800.0,GTO,Commercial_Other,Indonesia,SSL,Satellite,2018,8,219,5,1,3,0,1,25.9,84.08,8.4,0.0,1.2,1020.1,2018,8,7
1,68,1,0,Falcon 9,70.0,3.7,549054,0,50000000,1,1,9,7607,8227,CCSFS SLC 40,Florida,28.5618571,-80.577366,99,active,1,7060.0,7060.0,GTO,Commercial_Satellite,Canada,SSL,Satellite,2018,9,253,4,0,3,0,1,25.8,87.89,7.7,0.0,62.8,1014.0,2018,9,10
1,69,1,0,Falcon 9,70.0,3.7,549054,0,50000000,1,1,9,7607,8227,VAFB SLC 4E,California,34.632093,-120.610829,28,active,1,2800.0,2800.0,SSO,Commercial_Other,Argentina,INVAP,Satellite,2018,10,281,2,0,4,0,1,11.8,91.81,11.0,0.0,0.0,1009.5,2018,10,8
1,70,1,0,Falcon 9,70.0,3.7,549054,0,50000000,1,1,9,7607,8227,KSC LC 39A,Florida,28.6080585,-80.6039558,55,active,1,3000.0,3000.0,GTO,Commercial_Other,Qatar,Mitsubishi Electric,Satellite,2018,11,319,20,3,4,0,0,25.6,89.47,12.9,0.0,30.1,1015.2,2018,11,15
1,71,1,0,Falcon 9,70.0,3.7,549054,0,50000000,1,1,9,7607,8227,VAFB SLC 4E,California,34.632093,-120.610829,28,active,1,4000.0,4000.0,SSO,Commercial_Other,United States,"Spaceflight Industries, Inc",Satellite,2018,12,337,18,0,4,0,0,5.7,79.57,7.8,0.0,0.0,1020.5,2018,12,3
1,72,1,0,Falcon 9,70.0,3.7,549054,0,50000000,1,1,9,7607,8227,CCSFS SLC 40,Florida,28.5618571,-80.577366,99,active,1,2573.0,2573.0,ISS,Government,United States,SpaceX,Dragon 1.1,2018,12,339,18,2,4,0,0,16.5,80.3,11.4,0.0,60.6,1018.4,2018,12,5
1,73,1,0,Falcon 9,70.0,3.7,549054,0,50000000,1,1,9,7607,8227,CCSFS SLC 40,Florida,28.5618571,-80.577366,99,active,1,4400.0,4400.0,MEO,Government,United States,Lockheed Martin,Satellite,2018,12,357,13,6,4,1,0,4.7,83.86,0.4,0.0,0.0,1023.4,2018,12,23
1,74,1,0,Falcon 9,70.0,3.7,549054,0,50000000,1,1,9,7607,8227,VAFB SLC 4E,California,34.632093,-120.610829,28,active,1,9600.0,9600.0,PO,Commercial_Satellite,United States,Thales Alenia Space,Satellite,2019,1,11,15,4,1,0,0,10.2,94.5,10.6,0.0,94.6,1018.7,2019,1,11
1,75,1,0,Falcon 9,70.0,3.7,549054,0,50000000,1,1,9,7607,8227,CCSFS SLC 40,Florida,28.5618571,-80.577366,99,active,3,5645.0,5000.0,GTO,Commercial_Other,Indonesia,SSL,Satellite,2019,2,53,1,4,1,0,1,20.3,94.35,12.7,0.0,32.0,1020.7,2019,2,22
1,76,1,0,Falcon 9,70.0,3.7,549054,0,50000000,1,1,9,7607,8227,KSC LC 39A,Florida,28.6080585,-80.6039558,55,active,1,12259.0,12259.0,ISS,Government,United States,SpaceX,Crew Dragon,2019,3,61,7,5,1,1,0,18.0,94.46,4.0,0.0,0.0,1020.3,2019,3,2
1,77,1,0,Falcon Heavy,70.0,12.2,1420788,2,90000000,1,1,27,22819,24681,KSC LC 39A,Florida,28.6080585,-80.6039558,55,active,1,6000.0,6000.0,GTO,Commercial_Other,Saudi Arabia,Lockheed Martin,Satellite,2019,4,101,22,3,2,0,1,18.1,87.63,4.3,0.0,0.0,1010.4,2019,4,11
1,78,1,0,Falcon 9,70.0,3.7,549054,0,50000000,1,1,9,7607,8227,CCSFS SLC 40,Florida,28.5618571,-80.577366,99,active,1,2482.0,2482.0,ISS,Government,United States,SpaceX,Dragon 1.1,2019,5,124,6,5,2,1,0,23.4,82.01,16.0,0.0,63.9,1016.0,2019,5,4
1,79,1,0,Falcon 9,70.0,3.7,549054,0,50000000,1,1,9,7607,8227,CCSFS SLC 40,Florida,28.5618571,-80.577366,99,active,1,13200.0,13200.0,VLEO,SpaceX,United States,SpaceX,Satellite,2019,5,144,2,4,2,0,1,24.3,56.14,15.6,0.0,45.5,1021.3,2019,5,24
1,80,1,0,Falcon 9,70.0,3.7,549054,0,50000000,1,1,9,7607,8227,VAFB SLC 4E,California,34.632093,-120.610829,28,active,1,1425.0,1425.0,SSO,Commercial_Other,Canada,Maxar Technologies,Satellite,2019,6,163,14,2,2,0,0,15.8,90.95,6.1,0.0,38.2,1015.3,2019,6,12
1,81,1,0,Falcon Heavy,70.0,12.2,1420788,2,90000000,1,1,27,22819,24681,KSC LC 39A,Florida,28.6080585,-80.6039558,55,active,16,2838.0,1668.0,MEO,Government,United States,Sierra Nevada Corporation,Satellite,2019,6,176,3,1,2,0,1,27.3,52.11,6.7,0.0,0.0,1017.3,2019,6,25
1,82,1,0,Falcon 9,70.0,3.7,549054,0,50000000,1,1,9,7607,8227,CCSFS SLC 40,Florida,28.5618571,-80.577366,99,active,1,2227.7,2227.7,ISS,Government,United States,SpaceX,Dragon 1.1,2019,7,206,22,3,3,0,1,25.0,49.79,9.7,0.0,0.0,1015.4,2019,7,25
1,83,1,0,Falcon 9,70.0,3.7,549054,0,50000000,1,1,9,7607,8227,CCSFS SLC 40,Florida,28.5618571,-80.577366,99,active,1,6500.0,6500.0,GTO,Commercial_Other,Israel,Boeing Satellite Systems,Satellite,2019,8,218,22,1,3,0,1,24.2,94.74,9.4,0.0,0.0,1016.2,2019,8,6
1,84,1,0,Falcon 9,70.0,3.7,549054,0,50000000,1,1,9,7607,8227,CCSFS SLC 40,Florida,28.5618571,-80.577366,99,active,1,15600.0,15600.0,VLEO,SpaceX,United States,SpaceX,Satellite,2019,11,315,14,0,4,0,0,19.3,77.38,6.3,0.0,19.0,1020.2,2019,11,11
1,85,1,0,Falcon 9,70.0,3.7,549054,0,50000000,1,1,9,7607,8227,CCSFS SLC 40,Florida,28.5618571,-80.577366,99,active,1,5000.0,5000.0,ISS,Government,United States,SpaceX,Dragon 1.1,2019,12,339,17,3,4,0,0,10.7,74.25,11.4,0.0,0.0,1016.3,2019,12,5
1,86,1,0,Falcon 9,70.0,3.7,549054,0,50000000,1,1,9,7607,8227,CCSFS SLC 40,Florida,28.5618571,-80.577366,99,active,1,6800.0,6800.0,GTO,Commercial_Satellite,Japan,Boeing Satellite Systems,Satellite,2019,12,351,0,1,4,0,1,23.0,92.49,16.0,0.0,0.0,1018.3,2019,12,17
1,87,1,0,Falcon 9,70.0,3.7,549054,0,50000000,1,1,9,7607,8227,CCSFS SLC 40,Florida,28.5618571,-80.577366,99,active,1,15600.0,15600.0,VLEO,SpaceX,United States,SpaceX,Satellite,2020,1,7,2,1,1,0,1,6.7,85.17,3.7,0.0,0.0,1021.7,2020,1,7
1,88,1,0,Falcon 9,70.0,3.7,549054,0,50000000,1,1,9,7607,8227,KSC LC 39A,Florida,28.6080585,-80.6039558,55,active,1,0.0,0.0,SO,Government,United States,SpaceX,Crew Dragon,2020,1,19,14,6,1,1,0,20.1,78.93,14.2,0.0,89.1,1023.1,2020,1,19
1,89,1,0,Falcon 9,70.0,3.7,549054,0,50000000,1,1,9,7607,8227,CCSFS SLC 40,Florida,28.5618571,-80.577366,99,active,1,15600.0,15600.0,VLEO,SpaceX,United States,SpaceX,Satellite,2020,1,29,14,2,1,0,0,11.7,86.08,10.2,0.0,0.0,1016.4,2020,1,29
1,90,1,0,Falcon 9,70.0,3.7,549054,0,50000000,1,1,9,7607,8227,CCSFS SLC 40,Florida,28.5618571,-80.577366,99,active,1,15600.0,15600.0,VLEO,SpaceX,United States,SpaceX,Satellite,2020,2,48,15,0,1,0,0,19.8,94.66,6.3,0.119,78.7,1018.1,2020,2,17
1,91,1,0,Falcon 9,70.0,3.7,549054,0,50000000,1,1,9,7607,8227,CCSFS SLC 40,Florida,28.5618571,-80.577366,99,active,1,1977.0,1977.0,ISS,Government,United States,SpaceX,Dragon 1.1,2020,3,67,4,5,1,1,1,15.0,41.46,14.9,0.0,0.0,1022.5,2020,3,7
1,92,1,0,Falcon 9,70.0,3.7,549054,0,50000000,1,1,9,7607,8227,KSC LC 39A,Florida,28.6080585,-80.6039558,55,active,1,15600.0,15600.0,VLEO,SpaceX,United States,SpaceX,Satellite,2020,3,78,12,2,1,0,0,21.3,83.51,8.7,0.0,0.0,1024.0,2020,3,18
1,93,1,0,Falcon 9,70.0,3.7,549054,0,50000000,1,1,9,7607,8227,KSC LC 39A,Florida,28.6080585,-80.6039558,55,active,1,15600.0,15600.0,VLEO,SpaceX,United States,SpaceX,Satellite,2020,4,113,19,2,2,0,0,18.7,87.65,0.3,0.0,0.0,1015.5,2020,4,22
1,94,1,0,Falcon 9,70.0,3.7,549054,0,50000000,1,1,9,7607,8227,KSC LC 39A,Florida,28.6080585,-80.6039558,55,active,1,9525.0,9525.0,ISS,Government,United States,SpaceX,Crew Dragon,2020,5,151,19,5,2,1,0,23.1,92.55,8.9,13.885,55.5,1018.8,2020,5,30
1,95,1,0,Falcon 9,70.0,3.7,549054,0,50000000,1,1,9,7607,8227,CCSFS SLC 40,Florida,28.5618571,-80.577366,99,active,1,15600.0,15600.0,VLEO,SpaceX,United States,SpaceX,Satellite,2020,6,156,1,3,2,0,1,24.0,92.0,0.2,0.0,19.0,1016.1,2020,6,4
1,96,1,0,Falcon 9,70.0,3.7,549054,0,50000000,1,1,9,7607,8227,CCSFS SLC 40,Florida,28.5618571,-80.577366,99,active,1,15600.0,15600.0,VLEO,SpaceX,United States,SpaceX,Satellite,2020,6,165,9,5,2,1,0,25.5,77.06,12.4,0.0,18.6,1016.7,2020,6,13
1,97,1,0,Falcon 9,70.0,3.7,549054,0,50000000,1,1,9,7607,8227,CCSFS SLC 40,Florida,28.5618571,-80.577366,99,active,1,3880.0,3880.0,MEO,Government,United States,Lockheed Martin,Satellite,2020,6,182,19,1,2,0,0,27.8,74.08,7.7,0.0,0.0,1015.9,2020,6,30
1,98,1,0,Falcon 9,70.0,3.7,549054,0,50000000,1,1,9,7607,8227,CCSFS SLC 40,Florida,28.5618571,-80.577366,99,active,1,0.0,0.0,GEO,Commercial_Other,South Korea,South Korea,Satellite,2020,7,202,21,0,3,0,1,27.1,84.08,10.5,0.0,17.8,1018.1,2020,7,20
1,99,1,0,Falcon 9,70.0,3.7,549054,0,50000000,1,1,9,7607,8227,KSC LC 39A,Florida,28.6080585,-80.6039558,55,active,2,15712.0,15600.0,VLEO,SpaceX,United States,SpaceX,Satellite,2020,8,220,5,4,3,0,1,25.5,90.27,0.3,0.0,0.0,1017.7,2020,8,7
1,100,1,0,Falcon 9,70.0,3.7,549054,0,50000000,1,1,9,7607,8227,CCSFS SLC 40,Florida,28.5618571,-80.577366,99,active,1,15600.0,15600.0,VLEO,SpaceX,United States,SpaceX,Satellite,2020,8,231,14,1,3,0,0,25.1,89.98,2.5,0.0,17.8,1015.0,2020,8,18
1,101,1,0,Falcon 9,70.0,3.7,549054,0,50000000,1,1,9,7607,8227,CCSFS SLC 40,Florida,28.5618571,-80.577366,99,active,1,1600.0,1600.0,SSO,Commercial_Other,Argentina,Unknown,Satellite,2020,8,243,23,6,3,1,1,25.9,89.59,8.9,0.0,1.1,1015.5,2020,8,30
1,102,1,0,Falcon 9,70.0,3.7,549054,0,50000000,1,1,9,7607,8227,KSC LC 39A,Florida,28.6080585,-80.6039558,55,active,1,15600.0,15600.0,VLEO,SpaceX,United States,SpaceX,Satellite,2020,9,247,12,3,3,0,0,27.6,87.85,5.5,0.0,35.4,1017.0,2020,9,3
1,103,1,0,Falcon 9,70.0,3.7,549054,0,50000000,1,1,9,7607,8227,KSC LC 39A,Florida,28.6080585,-80.6039558,55,active,1,15600.0,15600.0,VLEO,SpaceX,United States,SpaceX,Satellite,2020,10,280,11,1,4,0,0,25.8,89.91,2.8,0.0,0.0,1015.9,2020,10,6
1,104,1,0,Falcon 9,70.0,3.7,549054,0,50000000,1,1,9,7607,8227,KSC LC 39A,Florida,28.6080585,-80.6039558,55,active,1,15600.0,15600.0,VLEO,SpaceX,United States,SpaceX,Satellite,2020,10,292,12,6,4,1,0,25.6,74.25,13.0,0.0,35.4,1019.6,2020,10,18
1,105,1,0,Falcon 9,70.0,3.7,549054,0,50000000,1,1,9,7607,8227,CCSFS SLC 40,Florida,28.5618571,-80.577366,99,active,1,15600.0,15600.0,VLEO,SpaceX,United States,SpaceX,Satellite,2020,10,298,15,5,4,1,0,24.4,80.25,9.1,0.0,26.8,1015.7,2020,10,24
1,106,1,0,Falcon 9,70.0,3.7,549054,0,50000000,1,1,9,7607,8227,CCSFS SLC 40,Florida,28.5618571,-80.577366,99,active,1,3681.0,3681.0,MEO,Commercial_Other,United States,Lockheed Martin,Satellite,2020,11,310,23,3,4,0,1,24.0,64.41,19.1,0.0,16.0,1023.5,2020,11,5
1,107,1,0,Falcon 9,70.0,3.7,549054,0,50000000,1,1,9,7607,8227,KSC LC 39A,Florida,28.6080585,-80.6039558,55,active,1,0.0,0.0,ISS,Government,United States,SpaceX,Crew Dragon,2020,11,321,0,0,4,0,1,22.7,93.11,1.7,0.0,89.3,1018.7,2020,11,16
1,108,1,0,Falcon 9,70.0,3.7,549054,0,50000000,1,1,9,7607,8227,VAFB SLC 4E,California,34.632093,-120.610829,28,active,1,1440.0,1440.0,PO,Government,United States,Unknown,Satellite,2020,11,326,17,5,4,1,0,7.0,87.97,10.0,0.0,0.0,1019.6,2020,11,21
1,109,1,0,Falcon 9,70.0,3.7,549054,0,50000000,1,1,9,7607,8227,CCSFS SLC 40,Florida,28.5618571,-80.577366,99,active,1,15600.0,15600.0,VLEO,SpaceX,United States,SpaceX,Satellite,2020,11,330,2,2,4,0,1,22.8,61.6,19.3,0.0,90.0,1022.7,2020,11,25
1,110,1,0,Falcon 9,70.0,3.7,549054,0,50000000,1,1,9,7607,8227,KSC LC 39A,Florida,28.6080585,-80.6039558,55,active,1,2972.0,2972.0,ISS,Government,United States,SpaceX,Dragon 2.0,2020,12,341,16,6,4,1,0,11.3,85.68,7.7,0.0,0.0,1017.8,2020,12,6
1,111,1,0,Falcon 9,70.0,3.7,549054,0,50000000,1,1,9,7607,8227,CCSFS SLC 40,Florida,28.5618571,-80.577366,99,active,1,7000.0,7000.0,GTO,Commercial_Other,United States,SSL,Satellite,2020,12,348,17,6,4,1,0,20.2,88.29,7.9,0.0,100.0,1019.1,2020,12,13
1,112,1,0,Falcon 9,70.0,3.7,549054,0,50000000,1,1,9,7607,8227,KSC LC 39A,Florida,28.6080585,-80.6039558,55,active,1,0.0,0.0,Unknown,Commercial_Other,United States,Unknown,Satellite,2020,12,354,14,5,4,1,0,10.9,88.14,11.9,0.0,61.2,1025.7,2020,12,19
1,113,1,0,Falcon 9,70.0,3.7,549054,0,50000000,1,1,9,7607,8227,CCSFS SLC 40,Florida,28.5618571,-80.577366,99,active,1,3500.0,3500.0,GTO,Commercial_Other,Turkey,Airbus Defence and Space,Satellite,2021,1,8,2,4,1,0,1,20.1,69.65,23.0,0.0,97.9,1012.9,2021,1,8
1,114,1,0,Falcon 9,70.0,3.7,549054,0,50000000,1,1,9,7607,8227,KSC LC 39A,Florida,28.6080585,-80.6039558,55,active,1,15600.0,15600.0,VLEO,SpaceX,United States,SpaceX,Satellite,2021,1,20,13,2,1,0,0,9.3,88.59,7.0,0.0,0.0,1027.1,2021,1,20
1,115,1,0,Falcon 9,70.0,3.7,549054,0,50000000,1,1,9,7607,8227,CCSFS SLC 40,Florida,28.5618571,-80.577366,99,active,1,0.0,0.0,SSO,Unknown,United States,Unknown,Satellite,2021,1,24,15,6,1,1,0,18.9,84.85,7.3,0.0,100.0,1019.6,2021,1,24
1,116,1,0,Falcon 9,70.0,3.7,549054,0,50000000,1,1,9,7607,8227,CCSFS SLC 40,Florida,28.5618571,-80.577366,99,active,1,15600.0,15600.0,VLEO,SpaceX,United States,SpaceX,Satellite,2021,2,35,6,3,1,0,0,3.8,75.34,2.4,0.0,0.0,1019.4,2021,2,4
1,117,1,0,Falcon 9,70.0,3.7,549054,0,50000000,1,1,9,7607,8227,CCSFS SLC 40,Florida,28.5618571,-80.577366,99,active,1,15600.0,15600.0,VLEO,SpaceX,United States,SpaceX,Satellite,2021,2,47,3,1,1,0,1,22.6,87.62,19.2,0.0,17.2,1014.2,2021,2,16
1,118,1,0,Falcon 9,70.0,3.7,549054,0,50000000,1,1,9,7607,8227,KSC LC 39A,Florida,28.6080585,-80.6039558,55,active,1,15600.0,15600.0,VLEO,SpaceX,United States,SpaceX,Satellite,2021,3,63,8,3,1,0,0,14.4,86.2,13.3,0.0,100.0,1016.6,2021,3,4
1,119,1,0,Falcon 9,70.0,3.7,549054,0,50000000,1,1,9,7607,8227,CCSFS SLC 40,Florida,28.5618571,-80.577366,99,active,1,15600.0,15600.0,VLEO,SpaceX,United States,SpaceX,Satellite,2021,3,70,8,3,1,0,0,19.2,73.33,10.3,0.0,30.3,1028.4,2021,3,11
1,120,1,0,Falcon 9,70.0,3.7,549054,0,50000000,1,1,9,7607,8227,KSC LC 39A,Florida,28.6080585,-80.6039558,55,active,1,15600.0,15600.0,VLEO,SpaceX,United States,SpaceX,Satellite,2021,3,73,10,6,1,1,0,14.0,92.09,4.1,0.0,0.0,1023.0,2021,3,14
1,121,1,0,Falcon 9,70.0,3.7,549054,0,50000000,1,1,9,7607,8227,CCSFS SLC 40,Florida,28.5618571,-80.577366,99,active,1,15600.0,15600.0,VLEO,SpaceX,United States,SpaceX,Satellite,2021,3,83,8,2,1,0,0,16.5,88.72,5.9,0.0,0.0,1015.6,2021,3,24
1,122,1,0,Falcon 9,70.0,3.7,549054,0,50000000,1,1,9,7607,8227,CCSFS SLC 40,Florida,28.5618571,-80.577366,99,active,1,15600.0,15600.0,VLEO,SpaceX,United States,SpaceX,Satellite,2021,4,97,16,2,2,0,0,14.9,84.06,0.4,0.0,0.0,1019.7,2021,4,7
1,123,1,0,Falcon 9,70.0,3.7,549054,0,50000000,1,1,9,7607,8227,KSC LC 39A,Florida,28.6080585,-80.6039558,55,active,1,0.0,0.0,ISS,Government,United States,SpaceX,Crew Dragon,2021,4,113,9,4,2,0,0,18.4,83.46,10.9,0.0,0.0,1020.0,2021,4,23
1,124,1,0,Falcon 9,70.0,3.7,549054,0,50000000,1,1,9,7607,8227,CCSFS SLC 40,Florida,28.5618571,-80.577366,99,active,1,15600.0,15600.0,VLEO,SpaceX,United States,SpaceX,Satellite,2021,4,119,3,3,2,0,1,22.6,81.05,15.6,0.0,0.0,1018.9,2021,4,29
1,125,1,0,Falcon 9,70.0,3.7,549054,0,50000000,1,1,9,7607,8227,KSC LC 39A,Florida,28.6080585,-80.6039558,55,active,1,15600.0,15600.0,VLEO,SpaceX,United States,SpaceX,Satellite,2021,5,124,19,1,2,0,0,23.6,88.79,13.0,0.0,27.3,1016.0,2021,5,4
1,126,1,0,Falcon 9,70.0,3.7,549054,0,50000000,1,1,9,7607,8227,CCSFS SLC 40,Florida,28.5618571,-80.577366,99,active,1,15600.0,15600.0,VLEO,SpaceX,United States,SpaceX,Satellite,2021,5,129,6,6,2,1,0,19.7,69.95,10.2,0.0,0.0,1020.2,2021,5,9
1,127,1,0,Falcon 9,70.0,3.7,549054,0,50000000,1,1,9,7607,8227,KSC LC 39A,Florida,28.6080585,-80.6039558,55,active,3,13632.0,13520.0,VLEO,SpaceX,United States,SpaceX,Satellite,2021,5,135,22,5,2,1,1,22.5,66.34,19.1,0.0,7.2,1020.4,2021,5,15
1,128,1,0,Falcon 9,70.0,3.7,549054,0,50000000,1,1,9,7607,8227,CCSFS SLC 40,Florida,28.5618571,-80.577366,99,active,1,15600.0,15600.0,VLEO,SpaceX,United States,SpaceX,Satellite,2021,5,146,18,2,2,0,0,22.2,82.26,9.1,0.0,0.0,1023.6,2021,5,26
1,129,1,0,Falcon 9,70.0,3.7,549054,0,50000000,1,1,9,7607,8227,KSC LC 39A,Florida,28.6080585,-80.6039558,55,active,1,3328.0,3328.0,ISS,Government,United States,SpaceX,Dragon 2.0,2021,6,154,17,3,2,0,0,24.0,90.76,11.9,0.0,71.4,1018.0,2021,6,3
1,130,1,0,Falcon 9,70.0,3.7,549054,0,50000000,1,1,9,7607,8227,CCSFS SLC 40,Florida,28.5618571,-80.577366,99,active,1,7000.0,7000.0,GTO,Commercial_Other,United States,SSL,Satellite,2021,6,157,4,6,2,1,1,25.8,85.37,17.6,0.0,0.0,1019.3,2021,6,6
1,131,1,0,Falcon 9,70.0,3.7,549054,0,50000000,1,1,9,7607,8227,CCSFS SLC 40,Florida,28.5618571,-80.577366,99,active,1,3681.0,3681.0,MEO,Government,United States,Lockheed Martin,Satellite,2021,6,168,16,3,2,0,0,23.1,88.49,20.0,0.0,88.9,1017.2,2021,6,17
1,132,1,0,Falcon 9,70.0,3.7,549054,0,50000000,1,1,9,7607,8227,CCSFS SLC 40,Florida,28.5618571,-80.577366,99,active,1,0.0,0.0,SSO,Unknown,United States,Unknown,Satellite,2021,6,181,19,2,2,0,0,25.1,88.03,4.7,0.0,27.4,1022.0,2021,6,30
1,133,1,0,Falcon 9,70.0,3.7,549054,0,50000000,1,1,9,7607,8227,KSC LC 39A,Florida,28.6080585,-80.6039558,55,active,1,0.0,0.0,ISS,Government,United States,SpaceX,Dragon 2.0,2021,8,241,7,6,3,1,0,26.8,91.19,8.6,0.0,7.2,1019.7,2021,8,29
1,134,1,0,Falcon 9,70.0,3.7,549054,0,50000000,1,1,9,7607,8227,VAFB SLC 4E,California,34.632093,-120.610829,28,active,1,15600.0,15600.0,PO,SpaceX,United States,SpaceX,Satellite,2021,9,257,3,1,3,0,1,14.3,96.16,5.1,0.0,100.0,1012.6,2021,9,14
1,135,1,0,Falcon 9,70.0,3.7,549054,0,50000000,1,1,9,7607,8227,KSC LC 39A,Florida,28.6080585,-80.6039558,55,active,1,0.0,0.0,LEO,Commercial_Other,United States,SpaceX,Crew Dragon,2021,9,259,0,3,3,0,1,24.1,90.42,0.2,0.0,7.2,1014.6,2021,9,16
1,136,1,0,Falcon 9,70.0,3.7,549054,0,50000000,1,1,9,7607,8227,KSC LC 39A,Florida,28.6080585,-80.6039558,55,active,1,12519.0,12519.0,ISS,Government,United States,SpaceX,Crew Dragon,2021,11,315,2,3,4,0,1,19.1,95.44,4.0,0.0,89.1,1019.3,2021,11,11
1,137,1,0,Falcon 9,70.0,3.7,549054,0,50000000,1,1,9,7607,8227,CCSFS SLC 40,Florida,28.5618571,-80.577366,99,active,1,13260.0,13260.0,LEO,SpaceX,United States,SpaceX,Satellite,2021,11,317,12,5,4,1,0,18.0,95.34,0.0,0.0,0.0,1016.9,2021,11,13
1,138,1,0,Falcon 9,70.0,3.7,549054,0,50000000,1,1,9,7607,8227,VAFB SLC 4E,California,34.632093,-120.610829,28,active,1,670.0,670.0,TLI,Government,United States,Applied Physics Laboratory,Satellite,2021,11,328,6,2,4,0,0,8.2,79.97,11.4,0.0,0.0,1015.9,2021,11,24
1,139,1,0,Falcon 9,70.0,3.7,549054,0,50000000,1,1,9,7607,8227,CCSFS SLC 40,Florida,28.5618571,-80.577366,99,active,1,13260.0,13260.0,PO,SpaceX,United States,SpaceX,Satellite,2021,12,335,23,2,4,0,1,14.6,85.5,10.7,0.0,0.0,1022.1,2021,12,1
1,140,1,0,Falcon 9,70.0,3.7,549054,0,50000000,1,1,9,7607,8227,KSC LC 39A,Florida,28.6080585,-80.6039558,55,active,1,330.0,330.0,LEO,Government,United States,Ball Aerospace & Technologies,Satellite,2021,12,343,6,3,4,0,0,19.3,89.2,7.8,0.0,2.3,1017.0,2021,12,9
1,141,0,0,Falcon 9,70.0,3.7,549054,0,50000000,1,1,9,7607,8227,VAFB SLC 4E,California,34.632093,-120.610829,28,active,1,13260.0,13260.0,PO,SpaceX,United States,SpaceX,Satellite,2021,12,352,12,5,4,1,0,4.3,95.92,11.0,0.0,0.0,1023.1,2021,12,18
1,142,0,0,Falcon 9,70.0,3.7,549054,0,50000000,1,1,9,7607,8227,CCSFS SLC 40,Florida,28.5618571,-80.577366,99,active,1,3500.0,3500.0,GTO,Commercial_Other,Turkey,Airbus Defence and Space,Satellite,2021,12,353,3,6,4,1,1,22.3,94.81,8.1,0.0,0.0,1017.6,2021,12,19
1,143,1,0,Falcon 9,70.0,3.7,549054,0,50000000,1,1,9,7607,8227,KSC LC 39A,Florida,28.6080585,-80.6039558,55,active,1,0.0,0.0,ISS,Government,United States,SpaceX,Dragon 2.0,2021,12,355,10,1,4,0,0,19.9,94.05,16.6,1.874,29.5,1013.5,2021,12,21
1,144,1,0,Falcon 9,70.0,3.7,549054,0,50000000,1,1,9,7607,8227,KSC LC 39A,Florida,28.6080585,-80.6039558,55,active,1,13260.0,13260.0,VLEO,SpaceX,United States,SpaceX,Satellite,2022,1,6,21,3,1,0,1,17.2,86.24,8.8,0.0,84.7,1015.1,2022,1,6
1,145,1,0,Falcon 9,70.0,3.7,549054,0,50000000,1,1,9,7607,8227,CCSFS SLC 40,Florida,28.5618571,-80.577366,99,active,1,0.0,0.0,LEO,Government,United States,Unknown,Satellite,2022,1,13,15,3,1,0,0,16.3,74.37,8.1,0.0,81.9,1018.9,2022,1,13
1,146,1,0,Falcon 9,70.0,3.7,549054,0,50000000,1,1,9,7607,8227,KSC LC 39A,Florida,28.6080585,-80.6039558,55,active,1,13260.0,13260.0,VLEO,SpaceX,United States,SpaceX,Satellite,2022,1,19,0,2,1,0,1,7.5,90.92,1.8,0.0,0.0,1023.3,2022,1,19
1,147,0,0,Falcon 9,70.0,3.7,549054,0,50000000,1,1,9,7607,8227,CCSFS SLC 40,Florida,28.5618571,-80.577366,99,active,1,2240.0,2240.0,SSO,Commercial_Other,Unknown,Unknown,Satellite,2022,1,31,23,0,1,0,1,1.6,83.02,3.8,0.0,0.0,1024.2,2022,1,31
1,148,1,0,Falcon 9,70.0,3.7,549054,0,50000000,1,1,9,7607,8227,VAFB SLC 4E,California,34.632093,-120.610829,28,active,1,0.0,0.0,LEO,Government,United States,Unknown,Satellite,2022,2,33,20,2,1,0,0,10.4,47.52,7.8,0.0,0.0,1015.8,2022,2,2
1,149,1,0,Falcon 9,70.0,3.7,549054,0,50000000,1,1,9,7607,8227,KSC LC 39A,Florida,28.6080585,-80.6039558,55,active,1,13260.0,13260.0,VLEO,SpaceX,United States,SpaceX,Satellite,2022,2,34,18,3,1,0,0,17.2,79.51,9.7,0.0,0.0,1021.1,2022,2,3
1,150,1,0,Falcon 9,70.0,3.7,549054,0,50000000,1,1,9,7607,8227,CCSFS SLC 40,Florida,28.5618571,-80.577366,99,active,1,13260.0,13260.0,VLEO,SpaceX,United States,SpaceX,Satellite,2022,2,52,14,0,1,0,0,16.6,79.0,9.5,0.0,30.7,1025.5,2022,2,21
1,151,1,0,Falcon 9,70.0,3.7,549054,0,50000000,1,1,9,7607,8227,VAFB SLC 4E,California,34.632093,-120.610829,28,active,1,13260.0,13260.0,VLEO,SpaceX,United States,SpaceX,Satellite,2022,2,56,17,4,1,0,0,1.8,78.64,6.4,0.0,0.0,1024.2,2022,2,25
1,152,1,0,Falcon 9,70.0,3.7,549054,0,50000000,1,1,9,7607,8227,KSC LC 39A,Florida,28.6080585,-80.6039558,55,active,1,13260.0,13260.0,VLEO,SpaceX,United States,SpaceX,Satellite,2022,3,62,14,3,1,0,0,14.2,92.94,0.2,0.0,0.0,1021.1,2022,3,3
1,153,1,0,Falcon 9,70.0,3.7,549054,0,50000000,1,1,9,7607,8227,CCSFS SLC 40,Florida,28.5618571,-80.577366,99,active,1,13260.0,13260.0,VLEO,SpaceX,United States,SpaceX,Satellite,2022,3,68,13,2,1,0,0,22.3,88.83,10.5,0.256,32.4,1015.9,2022,3,9
1,154,1,0,Falcon 9,70.0,3.7,549054,0,50000000,1,1,9,7607,8227,CCSFS SLC 40,Florida,28.5618571,-80.577366,99,active,1,13260.0,13260.0,VLEO,SpaceX,United States,SpaceX,Satellite,2022,3,78,3,5,1,1,1,22.5,87.9,8.0,0.0,74.0,1019.4,2022,3,19
1,155,1,0,Falcon 9,70.0,3.7,549054,0,50000000,1,1,9,7607,8227,CCSFS SLC 40,Florida,28.5618571,-80.577366,99,active,1,0.0,0.0,SSO,Unknown,United States,Unknown,Satellite,2022,4,91,16,4,2,0,0,21.2,90.83,1.1,0.396,79.3,1013.2,2022,4,1
1,156,1,0,Falcon 9,70.0,3.7,549054,0,50000000,1,1,9,7607,8227,KSC LC 39A,Florida,28.6080585,-80.6039558,55,active,1,0.0,0.0,ISS,Commercial_Other,United States,SpaceX,Dragon 2.0,2022,4,98,15,4,2,0,0,21.2,86.85,12.8,0.0,23.8,1010.6,2022,4,8
1,157,1,0,Falcon 9,70.0,3.7,549054,0,50000000,1,1,9,7607,8227,VAFB SLC 4E,California,34.632093,-120.610829,28,active,1,0.0,0.0,LEO,Government,United States,Unknown,Satellite,2022,4,107,13,6,2,1,0,10.1,97.37,13.9,0.0,94.1,1021.9,2022,4,17
1,158,1,0,Falcon 9,70.0,3.7,549054,0,50000000,1,1,9,7607,8227,CCSFS SLC 40,Florida,28.5618571,-80.577366,99,active,1,13260.0,13260.0,VLEO,SpaceX,United States,SpaceX,Satellite,2022,4,111,15,3,2,0,0,21.7,57.69,20.6,0.0,99.5,1024.8,2022,4,21
1,159,1,0,Falcon 9,70.0,3.7,549054,0,50000000,1,1,9,7607,8227,KSC LC 39A,Florida,28.6080585,-80.6039558,55,active,1,0.0,0.0,ISS,Government,United States,SpaceX,Crew Dragon,2022,4,117,7,2,2,0,0,20.7,87.32,3.0,0.0,0.0,1019.3,2022,4,27
1,160,1,0,Falcon 9,70.0,3.7,549054,0,50000000,1,1,9,7607,8227,CCSFS SLC 40,Florida,28.5618571,-80.577366,99,active,1,13260.0,13260.0,VLEO,SpaceX,United States,SpaceX,Satellite,2022,4,119,21,4,2,0,1,22.2,62.51,17.0,0.0,9.0,1018.5,2022,4,29
1,161,1,0,Falcon 9,70.0,3.7,549054,0,50000000,1,1,9,7607,8227,KSC LC 39A,Florida,28.6080585,-80.6039558,55,active,1,13260.0,13260.0,VLEO,SpaceX,United States,SpaceX,Satellite,2022,5,126,9,4,2,0,0,26.9,70.0,12.2,0.0,85.0,1015.1,2022,5,6
1,162,1,0,Falcon 9,70.0,3.7,549054,0,50000000,1,1,9,7607,8227,VAFB SLC 4E,California,34.632093,-120.610829,28,active,1,13260.0,13260.0,VLEO,SpaceX,United States,SpaceX,Satellite,2022,5,133,22,4,2,0,1,12.1,70.0,23.5,0.0,0.0,1022.3,2022,5,13
1,163,1,0,Falcon 9,70.0,3.7,549054,0,50000000,1,1,9,7607,8227,CCSFS SLC 40,Florida,28.5618571,-80.577366,99,active,1,13260.0,13260.0,VLEO,SpaceX,United States,SpaceX,Satellite,2022,5,134,20,5,2,1,0,21.6,83.0,10.1,0.0,89.0,1014.7,2022,5,14
1,164,1,0,Falcon 9,70.0,3.7,549054,0,50000000,1,1,9,7607,8227,KSC LC 39A,Florida,28.6080585,-80.6039558,55,active,1,13260.0,13260.0,VLEO,SpaceX,United States,SpaceX,Satellite,2022,5,138,10,2,2,0,0,26.8,65.0,15.8,0.0,29.0,1014.6,2022,5,18
1,165,1,0,Falcon 9,70.0,3.7,549054,0,50000000,1,1,9,7607,8227,CCSFS SLC 40,Florida,28.5618571,-80.577366,99,active,1,0.0,0.0,SSO,Unknown,United States,Unknown,Satellite,2022,5,145,18,2,2,0,0,26.2,69.0,15.3,0.0,25.0,1017.4,2022,5,25
1,166,1,0,Falcon 9,70.0,3.7,549054,0,50000000,1,1,9,7607,8227,CCSFS SLC 40,Florida,28.5618571,-80.577366,99,active,1,3938.0,3938.0,GEO,Commercial_Other,Egypt,Thales Alenia Space,Satellite,2022,6,159,21,2,2,0,1,27.1,80.0,9.7,0.0,42.0,1014.6,2022,6,8
1,167,1,0,Falcon 9,70.0,3.7,549054,0,50000000,1,1,9,7607,8227,KSC LC 39A,Florida,28.6080585,-80.6039558,55,active,1,13260.0,13260.0,VLEO,SpaceX,United States,SpaceX,Satellite,2022,6,152,17,2,2,0,0,24.0,82.0,13.1,0.0,55.0,1016.7,2022,6,1
1,168,1,0,Falcon 9,70.0,3.7,549054,0,50000000,1,1,9,7607,8227,VAFB SLC 4E,California,34.632093,-120.610829,28,active,1,2200.0,2200.0,SSO,Commercial_Other,Germany,Airbus Defence and Space,Satellite,2022,6,169,14,5,2,1,0,13.6,77.0,24.5,0.0,0.0,1013.4,2022,6,18
1,169,1,0,Falcon 9,70.0,3.7,549054,0,50000000,1,1,9,7607,8227,CCSFS SLC 40,Florida,28.5618571,-80.577366,99,active,1,700.0,700.0,LEO,Commercial_Other,United States,Unknown,Satellite,2022,6,170,4,6,2,1,1,28.3,59.0,13.5,0.0,94.0,1012.0,2022,6,19
1,170,1,0,Falcon 9,70.0,3.7,549054,0,50000000,1,1,9,7607,8227,CCSFS SLC 40,Florida,28.5618571,-80.577366,99,active,1,3500.0,3500.0,MEO,Commercial_Other,United States,Thales Alenia Space,Satellite,2022,6,180,21,2,2,0,1,27.9,74.0,15.5,0.0,100.0,1019.2,2022,6,29
1,171,1,0,Falcon 9,70.0,3.7,549054,0,50000000,1,1,9,7607,8227,CCSFS SLC 40,Florida,28.5618571,-80.577366,99,active,1,13260.0,13260.0,VLEO,SpaceX,United States,SpaceX,Satellite,2022,7,188,13,3,3,0,0,29.0,76.0,15.4,0.0,87.0,1016.0,2022,7,7
0,172,1,0,Falcon 9,70.0,3.7,549054,0,50000000,1,1,9,7607,8227,VAFB SLC 4E,California,34.632093,-120.610829,28,active,1,13260.0,13260.0,VLEO,SpaceX,United States,SpaceX,Satellite,2022,7,192,1,0,3,0,1,14.5,87.0,17.8,0.0,98.0,1016.7,2022,7,11
1,173,1,0,Falcon 9,70.0,3.7,549054,0,50000000,1,1,9,7607,8227,KSC LC 39A,Florida,28.6080585,-80.6039558,55,active,1,0.0,0.0,ISS,Government,United States,SpaceX,Dragon 2.0,2022,7,196,0,4,3,0,1,29.6,70.0,10.2,0.0,95.0,1019.1,2022,7,15
1,174,1,0,Falcon 9,70.0,3.7,549054,0,50000000,1,1,9,7607,8227,CCSFS SLC 40,Florida,28.5618571,-80.577366,99,active,1,13260.0,13260.0,VLEO,SpaceX,United States,SpaceX,Satellite,2022,7,198,14,6,3,1,0,23.6,94.0,7.9,0.0,100.0,1017.6,2022,7,17
1,175,1,0,Falcon 9,70.0,3.7,549054,0,50000000,1,1,9,7607,8227,VAFB SLC 4E,California,34.632093,-120.610829,28,active,1,13260.0,13260.0,VLEO,SpaceX,United States,SpaceX,Satellite,2022,7,202,17,3,3,0,0,15.9,75.0,15.4,0.0,40.0,1017.3,2022,7,21
1,176,1,0,Falcon 9,70.0,3.7,549054,0,50000000,1,1,9,7607,8227,CCSFS SLC 40,Florida,28.5618571,-80.577366,99,active,1,13260.0,13260.0,VLEO,SpaceX,United States,SpaceX,Satellite,2022,7,205,0,6,3,1,1,28.5,75.0,6.7,0.0,33.0,1020.4,2022,7,24
1,177,1,0,Falcon 9,70.0,3.7,549054,0,50000000,1,1,9,7607,8227,CCSFS SLC 40,Florida,28.5618571,-80.577366,99,active,1,678.0,678.0,TLI,Commercial_Other,South Korea,KARI,Satellite,2022,8,216,23,3,3,0,1,29.0,67.0,4.0,0.0,17.0,1016.7,2022,8,4
1,178,1,0,Falcon 9,70.0,3.7,549054,0,50000000,1,1,9,7607,8227,KSC LC 39A,Florida,28.6080585,-80.6039558,55,active,1,13260.0,13260.0,VLEO,SpaceX,United States,SpaceX,Satellite,2022,8,221,22,1,3,0,1,26.0,90.0,3.1,0.0,30.0,1019.4,2022,8,9
1,179,1,0,Falcon 9,70.0,3.7,549054,0,50000000,1,1,9,7607,8227,VAFB SLC 4E,California,34.632093,-120.610829,28,active,1,13260.0,13260.0,VLEO,SpaceX,United States,SpaceX,Satellite,2022,8,224,21,4,3,0,1,16.3,85.0,19.3,0.0,44.0,1016.6,2022,8,12
1,180,1,0,Falcon 9,70.0,3.7,549054,0,50000000,1,1,9,7607,8227,CCSFS SLC 40,Florida,28.5618571,-80.577366,99,active,1,13260.0,13260.0,VLEO,SpaceX,United States,SpaceX,Satellite,2022,8,231,19,4,3,0,0,25.3,88.0,4.2,0.3,100.0,1016.2,2022,8,19
1,181,1,0,Falcon 9,70.0,3.7,549054,0,50000000,1,1,9,7607,8227,KSC LC 39A,Florida,28.6080585,-80.6039558,55,active,1,13260.0,13260.0,VLEO,SpaceX,United States,SpaceX,Satellite,2022,8,240,2,6,3,1,1,25.8,94.0,9.7,0.1,100.0,1013.4,2022,8,28
1,182,1,0,Falcon 9,70.0,3.7,549054,0,50000000,1,1,9,7607,8227,VAFB SLC 4E,California,34.632093,-120.610829,28,active,1,13260.0,13260.0,VLEO,SpaceX,United States,SpaceX,Satellite,2022,8,243,5,2,3,0,1,15.2,83.0,16.6,0.0,76.0,1014.9,2022,8,31
1,183,1,0,Falcon 9,70.0,3.7,549054,0,50000000,1,1,9,7607,8227,CCSFS SLC 40,Florida,28.5618571,-80.577366,99,active,2,13440.0,13260.0,VLEO,SpaceX,United States,SpaceX,Satellite,2022,9,248,2,0,3,0,1,28.7,73.0,10.9,0.0,100.0,1014.2,2022,9,5
1,184,1,0,Falcon 9,70.0,3.7,549054,0,50000000,1,1,9,7607,8227,KSC LC 39A,Florida,28.6080585,-80.6039558,55,active,2,14760.0,13260.0,VLEO,SpaceX,United States,SpaceX,Satellite,2022,9,254,1,6,3,1,1,25.8,91.0,3.5,0.0,100.0,1017.6,2022,9,11
1,185,1,0,Falcon 9,70.0,3.7,549054,0,50000000,1,1,9,7607,8227,CCSFS SLC 40,Florida,28.5618571,-80.577366,99,active,1,13260.0,13260.0,VLEO,SpaceX,United States,SpaceX,Satellite,2022,9,260,1,5,3,1,1,23.6,95.0,10.4,0.1,100.0,1018.7,2022,9,17
1,186,1,0,Falcon 9,70.0,3.7,549054,0,50000000,1,1,9,7607,8227,CCSFS SLC 40,Florida,28.5618571,-80.577366,99,active,1,13260.0,13260.0,VLEO,SpaceX,United States,SpaceX,Satellite,2022,9,267,23,5,3,1,1,26.4,79.0,16.6,0.0,17.0,1014.1,2022,9,24
1,187,1,0,Falcon 9,70.0,3.7,549054,0,50000000,1,1,9,7607,8227,KSC LC 39A,Florida,28.6080585,-80.6039558,55,active,1,0.0,0.0,ISS,Government,United States,SpaceX,Crew Dragon,2022,10,278,16,2,4,0,0,22.3,69.0,20.0,0.0,33.0,1015.5,2022,10,5
0,188,1,1,Falcon Heavy,70.0,12.2,1420788,2,90000000,1,1,27,22819,24681,KSC LC 39A,Florida,28.6080585,-80.6039558,55,active,1,3700.0,3700.0,GTO,Government,United States,USSF,Satellite,2022,11,305,13,1,4,0,0,24.2,89.0,10.2,0.0,9.0,1015.8,2022,11,1
0,188,1,1,Falcon 9,70.0,3.7,549054,0,50000000,1,1,9,7607,8227,CCSFS SLC 40,Florida,28.5618571,-80.577366,99,active,1,13260.0,13260.0,VLEO,SpaceX,United States,SpaceX,Satellite,2022,10,293,14,3,4,0,0,17.7,62.0,18.4,0.0,23.0,1017.7,2022,10,20
0,188,1,1,Falcon 9,70.0,3.7,549054,0,50000000,1,1,9,7607,8227,CCSFS SLC 40,Florida,28.5618571,-80.577366,99,active,0,0.0,0.0,Unknown,Unknown,Unknown,Unknown,Unknown,2022,10,281,23,5,4,1,1,21.3,83.0,9.2,0.0,4.0,1018.7,2022,10,8
0,188,1,1,Falcon 9,70.0,3.7,549054,0,50000000,1,1,9,7607,8227,CCSFS SLC 40,Florida,28.5618571,-80.577366,99,active,0,0.0,0.0,Unknown,Unknown,Unknown,Unknown,Unknown,2022,10,288,5,5,4,1,1,24.8,82.0,9.2,0.0,37.0,1014.7,2022,10,15
0,189,1,1,Falcon 9,70.0,3.7,549054,0,50000000,1,1,9,7607,8227,CCSFS SLC 40,Florida,28.5618571,-80.577366,99,active,0,0.0,0.0,Unknown,Unknown,Unknown,Unknown,Unknown,2022,11,307,3,3,4,0,1,24.7,85.0,5.9,0.0,36.0,1020.8,2022,11,3
0,191,1,1,Falcon 9,70.0,3.7,549054,0,50000000,1,1,9,7607,8227,CCSFS SLC 40,Florida,28.5618571,-80.577366,99,active,0,0.0,0.0,Unknown,Unknown,Unknown,Unknown,Unknown,2022,11,312,0,1,4,0,1,25.1,64.0,20.1,0.0,45.0,1018.4,2022,11,8
0,192,1,1,Falcon 9,70.0,3.7,549054,0,50000000,1,1,9,7607,8227,CCSFS SLC 40,Florida,28.5618571,-80.577366,99,active,0,0.0,0.0,Unknown,Unknown,Unknown,Unknown,Unknown,2022,11,319,0,1,4,0,1,22.2,87.0,12.1,0.0,6.0,1018.4,2022,11,15
0,193,1,1,Falcon 9,70.0,3.7,549054,0,50000000,1,1,9,7607,8227,CCSFS SLC 40,Florida,28.5618571,-80.577366,99,active,0,0.0,0.0,Unknown,Unknown,Unknown,Unknown,Unknown,2022,11,326,0,1,4,0,1,22.3,82.0,12.2,0.0,100.0,1022.5,2022,11,22
0,194,1,1,Falcon 9,70.0,3.7,549054,0,50000000,1,1,9,7607,8227,KSC LC 39A,Florida,28.6080585,-80.6039558,55,active,0,0.0,0.0,Unknown,Unknown,Unknown,Unknown,Unknown,2022,11,322,22,4,4,0,1,15.2,66.0,16.8,0.0,0.0,1022.7,2022,11,18
0,195,1,1,Falcon 9,70.0,3.7,549054,0,50000000,1,1,9,7607,8227,CCSFS SLC 40,Florida,28.5618571,-80.577366,99,active,0,0.0,0.0,Unknown,Unknown,Unknown,Unknown,Unknown,2022,11,305,0,1,4,0,1,24.3,89.0,10.2,0.0,9.0,1015.8,2022,11,1
0,196,1,1,Falcon 9,70.0,3.7,549054,0,50000000,1,1,9,7607,8227,CCSFS SLC 40,Florida,28.5618571,-80.577366,99,active,1,5100.0,5100.0,MEO,Commercial_Other,United States,Unknown,Satellite,2022,11,305,0,1,4,0,1,24.3,89.0,10.2,0.0,9.0,1015.8,2022,11,1
0,197,1,1,Falcon 9,70.0,3.7,549054,0,50000000,1,1,9,7607,8227,VAFB SLC 4E,California,34.632093,-120.610829,28,active,0,0.0,0.0,Unknown,Unknown,Unknown,Unknown,Unknown,2022,12,339,0,0,4,0,1,13.3,83.0,10.5,0.0,57.0,1018.7,2022,12,5
0,198,1,1,Falcon 9,70.0,3.7,549054,0,50000000,1,1,9,7607,8227,CCSFS SLC 40,Florida,28.5618571,-80.577366,99,active,0,0.0,0.0,Unknown,Unknown,Unknown,Unknown,Unknown,2022,11,305,0,1,4,0,1,24.3,89.0,10.2,0.0,9.0,1015.8,2022,11,1
0,198,1,1,Falcon 9,70.0,3.7,549054,0,50000000,1,1,9,7607,8227,CCSFS SLC 40,Florida,28.5618571,-80.577366,99,active,0,0.0,0.0,Unknown,Unknown,Unknown,Unknown,Unknown,2022,12,335,0,3,4,0,1,21.5,88.0,9.9,0.0,53.0,1018.7,2022,12,1
0,199,1,1,Falcon 9,70.0,3.7,549054,0,50000000,1,1,9,7607,8227,VAFB SLC 4E,California,34.632093,-120.610829,28,active,1,0.0,0.0,PO,Commercial_Other,United States,SpaceX,Satellite,2022,12,335,0,3,4,0,1,11.1,89.0,6.1,0.2,100.0,1014.7,2022,12,1
0,200,1,1,Falcon 9,70.0,3.7,549054,0,50000000,1,1,9,7607,8227,CCSFS SLC 40,Florida,28.5618571,-80.577366,99,active,1,0.0,0.0,SSO,Commercial_Other,United States,Unknown,Satellite,2022,12,335,0,3,4,0,1,21.5,88.0,9.9,0.0,53.0,1018.7,2022,12,1
0,202,1,1,Falcon Heavy,70.0,12.2,1420788,2,90000000,1,1,27,22819,24681,KSC LC 39A,Florida,28.6080585,-80.6039558,55,active,0,0.0,0.0,Unknown,Unknown,Unknown,Unknown,Unknown,2022,12,335,0,3,4,0,1,21.5,88.0,9.9,0.0,53.0,1018.7,2022,12,1
0,203,1,1,Falcon 9,70.0,3.7,549054,0,50000000,1,1,9,7607,8227,CCSFS SLC 40,Florida,28.5618571,-80.577366,99,active,1,5100.0,5100.0,MEO,Commercial_Other,United States,Unknown,Satellite,2022,12,335,0,3,4,0,1,21.5,88.0,9.9,0.0,53.0,1018.7,2022,12,1
